date,ust3MTH_close
2017/10/25,1.111
2017/10/26,1.108
2017/10/27,1.1
2017/10/29,1.1
2017/10/30,1.103
2017/10/31,1.154
2017/11/1,1.167
2017/11/2,1.167
2017/11/3,1.177
2017/11/5,1.179
2017/11/6,1.187
2017/11/7,1.218
2017/11/8,1.225
2017/11/9,1.233
2017/11/10,1.23
2017/11/12,1.23
2017/11/13,1.215
2017/11/14,1.271
2017/11/15,1.256
2017/11/16,1.261
2017/11/17,1.271
2017/11/19,1.269
2017/11/20,1.271
2017/11/21,1.31
2017/11/22,1.292
2017/11/23,1.302
2017/11/24,1.271
2017/11/26,1.292
2017/11/27,1.256
2017/11/28,1.297
2017/11/29,1.289
2017/11/30,1.269
2017/12/1,1.266
2017/12/3,1.266
2017/12/4,1.315
2017/12/5,1.315
2017/12/6,1.294
2017/12/7,1.292
2017/12/8,1.284
2017/12/10,1.289
2017/12/11,1.294
2017/12/12,1.343
2017/12/13,1.305
2017/12/14,1.315
2017/12/15,1.317
2017/12/16,1.322
2017/12/17,1.327
2017/12/18,1.348
2017/12/19,1.386
2017/12/20,1.384
2017/12/21,1.353
2017/12/22,1.335
2017/12/25,1.353
2017/12/26,1.345
2017/12/27,1.447
2017/12/28,1.407
2017/12/29,1.391
2018/1/1,1.391
2018/1/2,1.411
2018/1/3,1.404
2018/1/4,1.404
2018/1/5,1.404
2018/1/7,1.404
2018/1/8,1.414
2018/1/9,1.45
2018/1/10,1.424
2018/1/11,1.437
2018/1/12,1.445
2018/1/15,1.445
2018/1/16,1.429
2018/1/17,1.445
2018/1/18,1.44
2018/1/19,1.434
2018/1/22,1.424
2018/1/23,1.447
2018/1/24,1.44
2018/1/25,1.427
2018/1/26,1.422
2018/1/28,1.422
2018/1/29,1.409
2018/1/30,1.46
2018/1/31,1.465
2018/2/1,1.488
2018/2/2,1.486
2018/2/4,1.488
2018/2/5,1.493
2018/2/6,1.524
2018/2/7,1.547
2018/2/8,1.552
2018/2/9,1.562
2018/2/11,1.562
2018/2/12,1.572
2018/2/13,1.608
2018/2/14,1.588
2018/2/15,1.598
2018/2/16,1.608
2018/2/18,1.6
2018/2/19,1.608
2018/2/20,1.61
2018/2/21,1.647
2018/2/22,1.644
2018/2/23,1.644
2018/2/25,1.646
2018/2/26,1.646
2018/2/27,1.675
2018/2/28,1.659
2018/3/1,1.629
2018/3/2,1.644
2018/3/4,1.646
2018/3/5,1.667
2018/3/6,1.682
2018/3/7,1.685
2018/3/8,1.675
2018/3/9,1.675
2018/3/11,1.674
2018/3/12,1.682
2018/3/13,1.726
2018/3/14,1.754
2018/3/15,1.772
2018/3/16,1.779
2018/3/18,1.782
2018/3/19,1.769
2018/3/20,1.8
2018/3/21,1.746
2018/3/22,1.723
2018/3/23,1.728
2018/3/25,1.723
2018/3/26,1.746
2018/3/27,1.775
2018/3/28,1.736
2018/3/29,1.715
2018/4/1,1.731
2018/4/2,1.723
2018/4/3,1.754
2018/4/4,1.708
2018/4/5,1.713
2018/4/6,1.72
2018/4/8,1.718
2018/4/9,1.715
2018/4/10,1.736
2018/4/11,1.734
2018/4/12,1.746
2018/4/13,1.759
2018/4/15,1.756
2018/4/16,1.754
2018/4/17,1.792
2018/4/18,1.813
2018/4/19,1.826
2018/4/20,1.807
2018/4/22,1.807
2018/4/23,1.825
2018/4/24,1.867
2018/4/25,1.854
2018/4/26,1.828
2018/4/27,1.813
2018/4/29,1.813
2018/4/30,1.807
2018/5/1,1.854
2018/5/2,1.823
2018/5/3,1.831
2018/5/4,1.836
2018/5/6,1.833
2018/5/7,1.835
2018/5/8,1.874
2018/5/9,1.885
2018/5/10,1.89
2018/5/11,1.905
2018/5/13,1.902
2018/5/14,1.899
2018/5/15,1.915
2018/5/16,1.905
2018/5/17,1.907
2018/5/18,1.899
2018/5/20,1.894
2018/5/21,1.907
2018/5/22,1.938
2018/5/23,1.918
2018/5/24,1.905
2018/5/25,1.897
2018/5/28,1.899
2018/5/29,1.886
2018/5/30,1.923
2018/5/31,1.915
2018/6/1,1.91
2018/6/3,1.912
2018/6/4,1.91
2018/6/5,1.948
2018/6/6,1.941
2018/6/7,1.93
2018/6/8,1.925
2018/6/10,1.93
2018/6/11,1.912
2018/6/12,1.933
2018/6/13,1.936
2018/6/14,1.928
2018/6/15,1.933
2018/6/17,1.933
2018/6/18,1.927
2018/6/19,1.943
2018/6/20,1.933
2018/6/21,1.933
2018/6/22,1.915
2018/6/24,1.925
2018/6/25,1.899
2018/6/26,1.938
2018/6/27,1.92
2018/6/28,1.92
2018/6/29,1.92
2018/7/1,1.92
2018/7/2,1.935
2018/7/3,1.979
2018/7/4,1.972
2018/7/5,1.956
2018/7/6,1.951
2018/7/8,1.951
2018/7/9,1.961
2018/7/10,1.977
2018/7/11,1.961
2018/7/12,1.974
2018/7/13,1.971
2018/7/15,1.976
2018/7/16,1.981
2018/7/17,2.018
2018/7/18,2.002
2018/7/19,1.994
2018/7/20,1.979
2018/7/22,1.976
2018/7/23,1.966
2018/7/24,2.007
2018/7/25,2
2018/7/26,1.989
2018/7/27,1.992
2018/7/29,1.989
2018/7/30,1.991
2018/7/31,2.033
2018/8/1,2.025
2018/8/2,2.007
2018/8/3,2.007
2018/8/5,2.007
2018/8/6,2.014
2018/8/7,2.056
2018/8/8,2.056
2018/8/9,2.051
2018/8/10,2.045
2018/8/12,2.05
2018/8/13,2.043
2018/8/14,2.082
2018/8/15,2.069
2018/8/16,2.064
2018/8/17,2.043
2018/8/19,2.043
2018/8/20,2.04
2018/8/21,2.079
2018/8/22,2.084
2018/8/23,2.079
2018/8/24,2.094
2018/8/26,2.099
2018/8/27,2.109
2018/8/28,2.128
2018/8/29,2.125
2018/8/30,2.105
2018/8/31,2.104
2018/9/3,2.102
2018/9/4,2.117
2018/9/5,2.135
2018/9/6,2.13
2018/9/7,2.137
2018/9/9,2.14
2018/9/10,2.132
2018/9/11,2.153
2018/9/12,2.151
2018/9/13,2.143
2018/9/14,2.153
2018/9/16,2.153
2018/9/17,2.158
2018/9/18,2.174
2018/9/19,2.166
2018/9/20,2.169
2018/9/21,2.173
2018/9/23,2.173
2018/9/24,2.173
2018/9/25,2.215
2018/9/26,2.212
2018/9/27,2.192
2018/9/28,2.199
2018/9/30,2.204
2018/10/1,2.206
2018/10/2,2.223
2018/10/3,2.223
2018/10/4,2.222
2018/10/5,2.217
2018/10/8,2.217
2018/10/9,2.237
2018/10/10,2.274
2018/10/11,2.266
2018/10/12,2.271
2018/10/14,2.271
2018/10/15,2.283
2018/10/16,2.31
2018/10/17,2.31
2018/10/18,2.31
2018/10/19,2.309
2018/10/21,2.309
2018/10/22,2.312
2018/10/23,2.34
2018/10/24,2.34
2018/10/25,2.335
2018/10/26,2.327
2018/10/28,2.33
2018/10/29,2.314
2018/10/30,2.338
2018/10/31,2.333
2018/11/1,2.325
2018/11/2,2.327
2018/11/4,2.325
2018/11/5,2.322
2018/11/6,2.366
2018/11/7,2.361
2018/11/8,2.358
2018/11/9,2.355
2018/11/12,2.355
2018/11/13,2.35
2018/11/14,2.376
2018/11/15,2.366
2018/11/16,2.355
2018/11/18,2.353
2018/11/19,2.355
2018/11/20,2.392
2018/11/21,2.407
2018/11/22,2.402
2018/11/23,2.404
2018/11/25,2.407
2018/11/26,2.399
2018/11/27,2.405
2018/11/28,2.387
2018/11/29,2.366
2018/11/30,2.363
2018/12/2,2.355
2018/12/3,2.342
2018/12/4,2.423
2018/12/5,2.422
2018/12/6,2.41
2018/12/7,2.396
2018/12/9,2.396
2018/12/10,2.386
2018/12/11,2.428
2018/12/12,2.428
2018/12/13,2.42
2018/12/14,2.424
2018/12/16,2.417
2018/12/17,2.394
2018/12/18,2.384
2018/12/19,2.394
2018/12/20,2.392
2018/12/21,2.386
2018/12/23,2.386
2018/12/24,2.388
2018/12/25,2.443
2018/12/26,2.435
2018/12/27,2.41
2018/12/28,2.383
2018/12/30,2.386
2018/12/31,2.381
2019/1/1,2.466
2019/1/2,2.417
2019/1/3,2.412
2019/1/4,2.414
2019/1/6,2.424
2019/1/7,2.409
2019/1/8,2.458
2019/1/9,2.443
2019/1/10,2.433
2019/1/11,2.424
2019/1/13,2.422
2019/1/14,2.417
2019/1/15,2.451
2019/1/16,2.42
2019/1/17,2.41
2019/1/18,2.404
2019/1/21,2.406
2019/1/22,2.401
2019/1/23,2.41
2019/1/24,2.369
2019/1/25,2.383
2019/1/27,2.383
2019/1/28,2.388
2019/1/29,2.423
2019/1/30,2.417
2019/1/31,2.397
2019/2/1,2.396
2019/2/3,2.396
2019/2/4,2.391
2019/2/5,2.417
2019/2/6,2.417
2019/2/7,2.412
2019/2/8,2.422
2019/2/10,2.422
2019/2/11,2.432
2019/2/12,2.435
2019/2/13,2.43
2019/2/14,2.43
2019/2/15,2.427
2019/2/18,2.429
2019/2/19,2.429
2019/2/20,2.446
2019/2/21,2.448
2019/2/22,2.45
2019/2/24,2.45
2019/2/25,2.45
2019/2/26,2.458
2019/2/27,2.451
2019/2/28,2.44
2019/3/1,2.435
2019/3/3,2.44
2019/3/4,2.432
2019/3/5,2.465
2019/3/6,2.465
2019/3/7,2.46
2019/3/8,2.454
2019/3/10,2.453
2019/3/11,2.444
2019/3/12,2.46
2019/3/13,2.452
2019/3/14,2.452
2019/3/15,2.452
2019/3/17,2.442
2019/3/18,2.446
2019/3/19,2.47
2019/3/20,2.473
2019/3/21,2.473
2019/3/22,2.462
2019/3/24,2.453
2019/3/25,2.454
2019/3/26,2.47
2019/3/27,2.442
2019/3/28,2.437
2019/3/29,2.4
2019/3/31,2.401
2019/4/1,2.392
2019/4/2,2.434
2019/4/3,2.437
2019/4/4,2.434
2019/4/5,2.434
2019/4/7,2.43
2019/4/8,2.429
2019/4/9,2.429
2019/4/10,2.427
2019/4/11,2.429
2019/4/12,2.441
2019/4/14,2.432
2019/4/15,2.423
2019/4/16,2.442
2019/4/17,2.439
2019/4/18,2.429
2019/4/21,2.427
2019/4/22,2.441
2019/4/23,2.45
2019/4/24,2.434
2019/4/25,2.429
2019/4/26,2.423
2019/4/29,2.423
2019/4/30,2.432
2019/5/1,2.427
2019/5/2,2.437
2019/5/3,2.431
2019/5/5,2.427
2019/5/6,2.426
2019/5/7,2.432
2019/5/8,2.434
2019/5/9,2.434
2019/5/10,2.429
2019/5/12,2.424
2019/5/13,2.413
2019/5/14,2.416
2019/5/15,2.409
2019/5/16,2.401
2019/5/17,2.393
2019/5/19,2.386
2019/5/20,2.382
2019/5/21,2.393
2019/5/22,2.378
2019/5/23,2.365
2019/5/24,2.354
2019/5/27,2.352
2019/5/28,2.356
2019/5/29,2.36
2019/5/30,2.372
2019/5/31,2.354
2019/6/2,2.348
2019/6/3,2.341
2019/6/4,2.357
2019/6/5,2.342
2019/6/6,2.313
2019/6/7,2.274
2019/6/9,2.28
2019/6/10,2.279
2019/6/11,2.272
2019/6/12,2.221
2019/6/13,2.198
2019/6/14,2.182
2019/6/16,2.176
2019/6/17,2.195
2019/6/18,2.226
2019/6/19,2.182
2019/6/20,2.136
2019/6/21,2.11
2019/6/23,2.115
2019/6/24,2.112
2019/6/25,2.139
2019/6/26,2.149
2019/6/27,2.144
2019/6/28,2.1
2019/6/30,2.107
2019/7/1,2.125
2019/7/2,2.205
2019/7/3,2.208
2019/7/4,2.208
2019/7/5,2.218
2019/7/7,2.223
2019/7/8,2.241
2019/7/9,2.254
2019/7/10,2.19
2019/7/11,2.157
2019/7/12,2.151
2019/7/14,2.143
2019/7/15,2.143
2019/7/16,2.159
2019/7/17,2.128
2019/7/18,2.069
2019/7/19,2.066
2019/7/21,2.069
2019/7/22,2.082
2019/7/23,2.092
2019/7/24,2.095
2019/7/25,2.11
2019/7/26,2.118
2019/7/28,2.123
2019/7/29,2.105
2019/7/30,2.095
2019/7/31,2.085
2019/8/1,2.085
2019/8/2,2.064
2019/8/4,2.064
2019/8/5,2.015
2019/8/6,2.049
2019/8/7,2.021
2019/8/8,2.023
2019/8/9,2.002
2019/8/11,1.997
2019/8/12,1.984
2019/8/13,2.008
2019/8/14,1.959
2019/8/15,1.902
2019/8/16,1.871
2019/8/18,1.869
2019/8/19,1.907
2019/8/20,1.951
2019/8/21,1.974
2019/8/22,1.992
2019/8/23,1.964
2019/8/25,1.971
2019/8/26,1.987
2019/8/27,1.995
2019/8/28,1.992
2019/8/29,1.992
2019/8/30,1.987
2019/9/2,1.989
2019/9/3,1.964
2019/9/4,1.967
2019/9/5,1.972
2019/9/6,1.964
2019/9/8,1.956
2019/9/9,1.964
2019/9/10,1.962
2019/9/11,1.962
2019/9/12,1.956
2019/9/13,1.961
2019/9/15,1.966
2019/9/16,1.999
2019/9/17,2
2019/9/18,1.941
2019/9/19,1.938
2019/9/20,1.91
2019/9/22,1.669
2019/9/23,1.905
2019/9/24,1.931
2019/9/25,1.895
2019/9/26,1.828
2019/9/27,1.797
2019/9/29,1.805
2019/9/30,1.825
2019/10/1,1.826
2019/10/2,1.808
2019/10/3,1.718
2019/10/4,1.71
2019/10/6,1.703
2019/10/7,1.723
2019/10/8,1.7
2019/10/9,1.705
2019/10/10,1.687
2019/10/11,1.682
2019/10/14,1.687
2019/10/15,1.671
2019/10/16,1.669
2019/10/17,1.669
2019/10/18,1.671
2019/10/20,1.671
2019/10/21,1.669
2019/10/22,1.659
2019/10/23,1.659
2019/10/24,1.674
2019/10/25,1.674
2019/10/27,1.674
2019/10/28,1.648
2019/10/29,1.644
2019/10/30,1.644
2019/10/31,1.546
2019/11/1,1.533
2019/11/3,1.526
2019/11/4,1.548
2019/11/5,1.559
2019/11/6,1.556
2019/11/7,1.559
2019/11/8,1.554
2019/11/11,1.556
2019/11/12,1.574
2019/11/13,1.572
2019/11/14,1.574
2019/11/15,1.569
2019/11/17,1.569
2019/11/18,1.574
2019/11/19,1.567
2019/11/20,1.572
2019/11/21,1.577
2019/11/22,1.589
2019/11/24,1.589
2019/11/25,1.589
2019/11/26,1.605
2019/11/27,1.608
2019/11/28,1.608
2019/11/29,1.587
2019/12/1,1.582
2019/12/2,1.579
2019/12/3,1.579
2019/12/4,1.559
2019/12/5,1.546
2019/12/6,1.523
2019/12/8,1.523
2019/12/9,1.556
2019/12/10,1.567
2019/12/11,1.572
2019/12/12,1.572
2019/12/13,1.564
2019/12/15,1.564
2019/12/16,1.566
2019/12/17,1.572
2019/12/18,1.559
2019/12/19,1.574
2019/12/20,1.579
2019/12/22,1.582
2019/12/23,1.574
2019/12/24,1.579
2019/12/25,1.582
2019/12/26,1.577
2019/12/27,1.564
2019/12/29,1.559
2019/12/30,1.541
2019/12/31,1.556
2020/1/1,1.556
2020/1/2,1.533
2020/1/3,1.52
2020/1/5,1.531
2020/1/6,1.538
2020/1/7,1.551
2020/1/8,1.544
2020/1/9,1.541
2020/1/10,1.538
2020/1/12,1.538
2020/1/13,1.564
2020/1/14,1.572
2020/1/15,1.569
2020/1/16,1.559
2020/1/17,1.561
2020/1/20,1.559
2020/1/21,1.556
2020/1/22,1.554
2020/1/23,1.556
2020/1/24,1.531
2020/1/26,1.531
2020/1/27,1.546
2020/1/28,1.572
2020/1/29,1.562
2020/1/30,1.569
2020/1/31,1.554
2020/2/2,1.559
2020/2/3,1.579
2020/2/4,1.574
2020/2/5,1.562
2020/2/6,1.574
2020/2/7,1.564
2020/2/9,1.566
2020/2/10,1.566
2020/2/11,1.579
2020/2/12,1.577
2020/2/13,1.587
2020/2/14,1.577
2020/2/17,1.577
2020/2/18,1.577
2020/2/19,1.579
2020/2/20,1.579
2020/2/21,1.559
2020/2/23,1.559
2020/2/24,1.548
2020/2/25,1.531
2020/2/26,1.518
2020/2/27,1.454
2020/2/28,1.285
2020/3/1,1.293
2020/3/2,1.169
2020/3/3,0.953
2020/3/4,0.706
2020/3/5,0.625
2020/3/6,0.475
2020/3/8,0.529
2020/3/9,0.383
2020/3/10,0.426
2020/3/11,0.434
2020/3/12,0.327
2020/3/13,0.276
2020/3/15,0.193
2020/3/16,0.223
2020/3/17,0.208
2020/3/18,0.02
2020/3/19,0.063
2020/3/20,0.038
2020/3/22,0.031
2020/3/23,0.03
2020/3/24,0.028
2020/3/25,-0.046
2020/3/26,-0.035
2020/3/27,0.015
2020/3/29,0.02
2020/3/30,0.053
2020/3/31,0.132
2020/4/1,0.074
2020/4/2,0.096
2020/4/3,0.106
2020/4/5,0.091
2020/4/6,0.178
2020/4/7,0.15
2020/4/8,0.198
2020/4/9,0.236
2020/4/12,0.27
2020/4/13,0.231
2020/4/14,0.208
2020/4/15,0.157
2020/4/16,0.147
2020/4/17,0.124
2020/4/19,0.137
2020/4/20,0.101
2020/4/21,0.109
2020/4/22,0.104
2020/4/23,0.109
2020/4/24,0.122
2020/4/26,0.132
2020/4/27,0.114
2020/4/28,0.106
2020/4/29,0.101
2020/4/30,0.106
2020/5/1,0.109
2020/5/3,0.117
2020/5/4,0.104
2020/5/5,0.122
2020/5/6,0.119
2020/5/7,0.106
2020/5/8,0.117
2020/5/10,0.119
2020/5/11,0.119
2020/5/12,0.134
2020/5/13,0.122
2020/5/14,0.122
2020/5/15,0.124
2020/5/17,0.119
2020/5/18,0.122
2020/5/19,0.129
2020/5/20,0.124
2020/5/21,0.122
2020/5/22,0.122
2020/5/25,0.122
2020/5/26,0.129
2020/5/27,0.142
2020/5/28,0.15
2020/5/29,0.142
2020/5/31,0.142
2020/6/1,0.139
2020/6/2,0.152
2020/6/3,0.155
2020/6/4,0.152
2020/6/5,0.157
2020/6/7,0.155
2020/6/8,0.165
2020/6/9,0.172
2020/6/10,0.172
2020/6/11,0.165
2020/6/12,0.165
2020/6/15,0.167
2020/6/16,0.172
2020/6/17,0.178
2020/6/18,0.157
2020/6/19,0.155
2020/6/21,0.155
2020/6/22,0.152
2020/6/23,0.152
2020/6/24,0.152
2020/6/25,0.142
2020/6/26,0.145
2020/6/28,0.145
2020/6/29,0.137
2020/6/30,0.147
2020/7/1,0.142
2020/7/2,0.142
2020/7/5,0.145
2020/7/6,0.145
2020/7/7,0.147
2020/7/8,0.147
2020/7/9,0.134
2020/7/10,0.132
2020/7/12,0.132
2020/7/13,0.137
2020/7/14,0.145
2020/7/15,0.137
2020/7/16,0.114
2020/7/17,0.117
2020/7/20,0.117
2020/7/21,0.124
2020/7/22,0.122
2020/7/23,0.117
2020/7/24,0.109
2020/7/26,0.112
2020/7/27,0.104
2020/7/28,0.109
2020/7/29,0.101
2020/7/30,0.096
2020/7/31,0.094
2020/8/2,0.094
2020/8/3,0.089
2020/8/4,0.099
2020/8/5,0.101
2020/8/6,0.099
2020/8/7,0.099
2020/8/9,0.097
2020/8/10,0.099
2020/8/11,0.112
2020/8/12,0.106
2020/8/13,0.099
2020/8/14,0.099
2020/8/17,0.094
2020/8/18,0.106
2020/8/19,0.101
2020/8/20,0.096
2020/8/21,0.096
2020/8/23,0.096
2020/8/24,0.094
2020/8/25,0.101
2020/8/26,0.099
2020/8/27,0.101
2020/8/28,0.104
2020/8/31,0.106
2020/9/1,0.106
2020/9/2,0.106
2020/9/3,0.106
2020/9/4,0.112
2020/9/8,0.119
2020/9/9,0.112
2020/9/10,0.114
2020/9/11,0.112
2020/9/13,0.112
2020/9/14,0.109
2020/9/15,0.112
2020/9/16,0.112
2020/9/17,0.094
2020/9/18,0.091
2020/9/21,0.086
2020/9/22,0.099
2020/9/23,0.099
2020/9/24,0.099
2020/9/25,0.101
2020/9/27,0.096
2020/9/28,0.094
2020/9/29,0.096
2020/9/30,0.096
2020/10/1,0.091
2020/10/2,0.091
2020/10/4,0.091
2020/10/5,0.096
2020/10/6,0.099
2020/10/7,0.099
2020/10/8,0.096
2020/10/9,0.101
2020/10/13,0.099
2020/10/14,0.106
2020/10/15,0.104
2020/10/16,0.096
2020/10/18,0.104
2020/10/19,0.096
2020/10/20,0.101
2020/10/21,0.096
2020/10/22,0.091
2020/10/23,0.094
2020/10/26,0.089
2020/10/27,0.096
2020/10/28,0.096
2020/10/29,0.094
2020/10/30,0.094
2020/11/1,0.094
2020/11/2,0.091
2020/11/3,0.096
2020/11/4,0.094
2020/11/5,0.091
2020/11/6,0.094
2020/11/8,0.094
2020/11/9,0.096
2020/11/10,0.096
2020/11/11,0.096
2020/11/12,0.091
2020/11/13,0.091
2020/11/15,0.091
2020/11/16,0.084
2020/11/17,0.086
2020/11/18,0.086
2020/11/19,0.066
2020/11/20,0.068
2020/11/22,0.071
2020/11/23,0.076
2020/11/24,0.086
2020/11/25,0.086
2020/11/26,0.097
2020/11/27,0.081
2020/11/30,0.081
2020/12/1,0.086
2020/12/2,0.081
2020/12/3,0.081
2020/12/4,0.081
2020/12/7,0.076
2020/12/8,0.079
2020/12/9,0.076
2020/12/10,0.079
2020/12/11,0.076
2020/12/14,0.071
2020/12/15,0.076
2020/12/16,0.081
2020/12/17,0.086
2020/12/18,0.086
2020/12/20,0.086
2020/12/21,0.089
2020/12/22,0.089
2020/12/23,0.086
2020/12/24,0.089
2020/12/27,0.089
2020/12/28,0.094
2020/12/29,0.096
2020/12/30,0.081
2020/12/31,0.079
2021/1/3,0.076
2021/1/4,0.079
2021/1/5,0.084
2021/1/6,0.089
2021/1/7,0.086
2021/1/8,0.086
2021/1/10,0.086
2021/1/11,0.086
2021/1/12,0.086
2021/1/13,0.086
2021/1/14,0.081
2021/1/15,0.081
2021/1/18,0.081
2021/1/19,0.089
2021/1/20,0.081
2021/1/21,0.081
2021/1/22,0.079
2021/1/24,0.076
2021/1/25,0.076
2021/1/26,0.079
2021/1/27,0.071
2021/1/28,0.063
2021/1/29,0.058
2021/1/31,0.063
2021/2/1,0.056
2021/2/2,0.056
2021/2/3,0.046
2021/2/4,0.038
2021/2/5,0.033
2021/2/7,0.038
2021/2/8,0.03
2021/2/9,0.041
2021/2/10,0.041
2021/2/11,0.041
2021/2/12,0.041
2021/2/15,0.041
2021/2/16,0.041
2021/2/17,0.041
2021/2/18,0.038
2021/2/19,0.033
2021/2/21,0.03
2021/2/22,0.03
2021/2/23,0.033
2021/2/24,0.033
2021/2/25,0.043
2021/2/26,0.043
2021/2/28,0.041
2021/3/1,0.035
2021/3/2,0.041
2021/3/3,0.041
2021/3/4,0.038
2021/3/5,0.038
2021/3/7,0.036
2021/3/8,0.041
2021/3/9,0.041
2021/3/10,0.041
2021/3/11,0.038
2021/3/12,0.03
2021/3/14,0.03
2021/3/15,0.025
2021/3/16,0.018
2021/3/17,0.018
2021/3/18,0.015
2021/3/19,0.01
2021/3/21,0.015
2021/3/22,0.01
2021/3/23,0.015
2021/3/24,0.02
2021/3/25,0.02
2021/3/26,0.02
2021/3/28,0.02
2021/3/29,0.015
2021/3/30,0.023
2021/3/31,0.023
2021/4/1,0.018
2021/4/2,0.018
2021/4/4,0.02
2021/4/5,0.02
2021/4/6,0.02
2021/4/7,0.015
2021/4/8,0.015
2021/4/9,0.013
2021/4/11,0.013
2021/4/12,0.018
2021/4/13,0.02
2021/4/14,0.02
2021/4/15,0.015
2021/4/16,0.018
2021/4/18,0.015
2021/4/19,0.02
2021/4/20,0.025
2021/4/21,0.023
2021/4/22,0.02
2021/4/23,0.02
2021/4/25,0.02
2021/4/26,0.038
2021/4/27,0.028
2021/4/28,0.023
2021/4/29,0.013
2021/4/30,0.013
2021/5/2,0.013
2021/5/3,0.018
2021/5/4,0.015
2021/5/5,0.015
2021/5/6,0.015
2021/5/7,0.015
2021/5/9,0.018
2021/5/10,0.01
2021/5/11,0.015
2021/5/12,0.015
2021/5/13,0.013
2021/5/14,0.01
2021/5/16,0.015
2021/5/17,0.01
2021/5/18,0.015
2021/5/19,0.015
2021/5/20,0.008
2021/5/21,0.005
2021/5/23,0.015
2021/5/24,0.018
2021/5/25,0.015
2021/5/26,0.01
2021/5/27,0.01
2021/5/28,0.013
2021/5/31,0.015
2021/6/1,0.03
2021/6/2,0.02
2021/6/3,0.02
2021/6/4,0.02
2021/6/6,0.025
2021/6/7,0.025
2021/6/8,0.025
2021/6/9,0.025
2021/6/10,0.025
2021/6/11,0.028
2021/6/13,0.028
2021/6/14,0.025
2021/6/15,0.025
2021/6/16,0.048
2021/6/17,0.038
2021/6/18,0.043
2021/6/20,0.046
2021/6/21,0.051
2021/6/22,0.043
2021/6/23,0.046
2021/6/24,0.053
2021/6/25,0.053
2021/6/26,0.051
2021/6/27,0.066
2021/6/28,0.051
2021/6/29,0.058
2021/6/30,0.046
2021/7/1,0.048
2021/7/2,0.051
2021/7/3,0.046
2021/7/5,0.046
2021/7/6,0.061
2021/7/7,0.053
2021/7/8,0.053
2021/7/9,0.053
2021/7/11,0.051
2021/7/12,0.053
2021/7/13,0.051
2021/7/14,0.051
2021/7/15,0.048
2021/7/16,0.046
2021/7/17,0.046
2021/7/18,0.051
2021/7/19,0.053
2021/7/20,0.051
2021/7/21,0.051
2021/7/22,0.053
2021/7/23,0.051
2021/7/24,0.051
2021/7/25,0.051
2021/7/26,0.061
2021/7/27,0.051
2021/7/28,0.051
2021/7/29,0.051
2021/7/30,0.046
2021/8/2,0.051
2021/8/3,0.051
2021/8/4,0.051
2021/8/5,0.053
2021/8/6,0.051
2021/8/7,0.056
2021/8/9,0.051
2021/8/10,0.056
2021/8/11,0.051
2021/8/12,0.051
2021/8/13,0.053
2021/8/14,0.056
2021/8/15,0.058
2021/8/16,0.063
2021/8/17,0.074
2021/8/18,0.061
2021/8/19,0.053
2021/8/20,0.053
2021/8/22,0.056
2021/8/23,0.058
2021/8/24,0.058
2021/8/25,0.051
2021/8/26,0.053
2021/8/27,0.053
2021/8/29,0.053
2021/8/30,0.048
2021/8/31,0.046
2021/9/1,0.046
2021/9/2,0.053
2021/9/3,0.046
2021/9/4,0.056
2021/9/6,0.046
2021/9/7,0.053
2021/9/8,0.046
2021/9/9,0.046
2021/9/10,0.048
2021/9/12,0.046
2021/9/13,0.043
2021/9/14,0.041
2021/9/15,0.041
2021/9/16,0.035
2021/9/17,0.041
2021/9/18,0.041
2021/9/19,0.041
2021/9/20,0.03
2021/9/21,0.025
2021/9/22,0.03
2021/9/23,0.03
2021/9/24,0.035
2021/9/26,0.038
2021/9/27,0.03
2021/9/28,0.041
2021/9/29,0.041
2021/9/30,0.038
2021/10/1,0.038
2021/10/2,0.036
2021/10/3,0.036
2021/10/4,0.038
2021/10/5,0.041
2021/10/6,0.046
2021/10/7,0.053
2021/10/8,0.051
2021/10/9,0.051
2021/10/11,0.053
2021/10/12,0.058
2021/10/13,0.051
2021/10/14,0.046
2021/10/15,0.048
2021/10/17,0.061
2021/10/18,0.063
2021/10/19,0.056
2021/10/20,0.056
2021/10/21,0.056
2021/10/22,0.061
2021/10/24,0.058
2021/10/25,0.056
2021/10/26,0.056
2021/10/27,0.056
2021/10/28,0.056
2021/10/29,0.058
2021/10/30,0.051
2021/10/31,0.058
2021/11/1,0.051
2021/11/2,0.051
2021/11/3,0.051
2021/11/4,0.041
2021/11/5,0.046
2021/11/7,0.046
2021/11/8,0.046
2021/11/9,0.046
2021/11/10,0.043
2021/11/11,0.051
2021/11/12,0.053
2021/11/14,0.056
2021/11/15,0.046
2021/11/16,0.053
2021/11/17,0.051
2021/11/18,0.053
2021/11/19,0.053
2021/11/21,0.056
2021/11/22,0.053
2021/11/23,0.051
2021/11/24,0.061
2021/11/25,0.061
2021/11/26,0.053
2021/11/28,0.056
2021/11/29,0.048
2021/11/30,0.053
2021/12/1,0.056
2021/12/2,0.053
2021/12/3,0.053
2021/12/5,0.056
2021/12/6,0.053
2021/12/7,0.063
2021/12/8,0.066
2021/12/9,0.063
2021/12/10,0.063
2021/12/12,0.061
2021/12/13,0.056
2021/12/14,0.058
2021/12/15,0.051
2021/12/16,0.046
2021/12/17,0.051
2021/12/19,0.051
2021/12/20,0.076
2021/12/21,0.071
2021/12/22,0.071
2021/12/23,0.071
2021/12/26,0.076
2021/12/27,0.056
2021/12/28,0.061
2021/12/29,0.051
2021/12/30,0.046
2021/12/31,0.053
2022/1/2,0.056
2022/1/3,0.063
2022/1/4,0.086
2022/1/5,0.091
2022/1/6,0.101
2022/1/7,0.096
2022/1/9,0.096
2022/1/10,0.099
2022/1/11,0.127
2022/1/12,0.122
2022/1/13,0.122
2022/1/14,0.129
2022/1/17,0.14
2022/1/18,0.142
2022/1/19,0.172
2022/1/20,0.18
2022/1/21,0.17
2022/1/23,0.178
2022/1/24,0.17
2022/1/25,0.193
2022/1/26,0.2
2022/1/27,0.205
2022/1/28,0.19
2022/1/30,0.198
2022/1/31,0.185
2022/2/1,0.216
2022/2/2,0.193
2022/2/3,0.205
2022/2/4,0.238
2022/2/6,0.236
2022/2/7,0.223
2022/2/8,0.284
2022/2/9,0.279
2022/2/10,0.452
2022/2/11,0.373
2022/2/14,0.391
2022/2/15,0.416
2022/2/16,0.383
2022/2/17,0.365
2022/2/18,0.358
2022/2/21,0.345
2022/2/22,0.355
2022/2/23,0.355
2022/2/24,0.322
2022/2/25,0.348
2022/2/27,0.335
2022/2/28,0.322
2022/3/1,0.332
2022/3/2,0.335
2022/3/3,0.365
2022/3/4,0.335
2022/3/6,0.33
2022/3/7,0.34
2022/3/8,0.375
2022/3/9,0.381
2022/3/10,0.396
2022/3/11,0.396
2022/3/13,0.386
2022/3/14,0.424
2022/3/15,0.464
2022/3/16,0.459
2022/3/17,0.396
2022/3/18,0.414
2022/3/20,0.409
2022/3/21,0.492
2022/3/22,0.538
2022/3/23,0.497
2022/3/24,0.52
2022/3/25,0.538
2022/3/27,0.523
2022/3/28,0.556
2022/3/29,0.574
2022/3/30,0.538
2022/3/31,0.52
2022/4/1,0.528
2022/4/3,0.525
2022/4/4,0.566
2022/4/5,0.688
2022/4/6,0.685
2022/4/7,0.683
2022/4/8,0.698
2022/4/10,0.698
2022/4/11,0.706
2022/4/12,0.759
2022/4/13,0.757
2022/4/14,0.787
2022/4/17,0.8
2022/4/18,0.882
2022/4/19,0.856
2022/4/20,0.823
2022/4/21,0.828
2022/4/22,0.828
2022/4/24,0.887
2022/4/25,0.938
2022/4/26,0.856
2022/4/27,0.828
2022/4/28,0.825
2022/4/29,0.841
2022/5/1,0.897
2022/5/2,0.925
2022/5/3,0.925
2022/5/4,0.922
2022/5/5,0.826
2022/5/6,0.859
2022/5/8,0.843
2022/5/9,0.833
2022/5/10,0.907
2022/5/11,0.904
2022/5/12,0.94
2022/5/13,0.988
2022/5/15,1.009
2022/5/16,1.027
2022/5/17,1.07
2022/5/18,1.039
2022/5/19,1.047
2022/5/20,1.034
2022/5/22,1.06
2022/5/23,1.029
2022/5/24,1.065
2022/5/25,1.073
2022/5/26,1.07
2022/5/27,1.072
2022/5/31,1.067
2022/6/1,1.134
2022/6/2,1.134
2022/6/3,1.251
2022/6/6,1.205
2022/6/7,1.256
2022/6/8,1.261
2022/6/9,1.266
2022/6/10,1.373
2022/6/13,1.669
2022/6/14,1.813
2022/6/15,1.659
2022/6/16,1.578
2022/6/17,1.628
2022/6/21,1.547
2022/6/22,1.578
2022/6/23,1.619
2022/6/24,1.68
2022/6/27,1.679
2022/6/28,1.787
2022/6/29,1.762
2022/6/30,1.751
2022/7/1,1.685
2022/7/5,1.695
2022/7/6,1.9
2022/7/7,1.905
2022/7/8,1.93
2022/7/11,2.058
2022/7/12,2.192
2022/7/13,2.397
2022/7/14,2.366
2022/7/15,2.396
2022/7/18,2.345
2022/7/19,2.505
2022/7/20,2.469
2022/7/21,2.443
2022/7/22,2.432
2022/7/25,2.453
2022/7/26,2.53
2022/7/27,2.417
2022/7/28,2.376
2022/7/29,2.365
2022/8/1,2.345
2022/8/2,2.51
2022/8/3,2.474
2022/8/4,2.458
2022/8/5,2.494
2022/8/8,2.519
2022/8/9,2.638
2022/8/10,2.592
2022/8/11,2.551
2022/8/12,2.54
2022/8/15,2.596
2022/8/16,2.669
2022/8/17,2.633
2022/8/18,2.643
2022/8/19,2.673
2022/8/22,2.735
2022/8/23,2.777
2022/8/24,2.782
2022/8/25,2.818
2022/8/26,2.838
2022/8/29,2.889
2022/8/30,2.941
2022/8/31,2.921
2022/9/1,2.952
2022/9/2,2.925
2022/9/6,2.94
2022/9/7,3.019
2022/9/8,3.044
2022/9/9,3.043
2022/9/12,3.079
2022/9/13,3.261
2022/9/14,3.209
2022/9/15,3.199
2022/9/16,3.162
2022/9/19,3.182
2022/9/20,3.322
2022/9/21,3.292
2022/9/22,3.229
2022/9/23,3.193
2022/9/26,3.208
2022/9/27,3.344
2022/9/28,3.343
2022/9/29,3.312
2022/9/30,3.316
2022/10/3,3.244
2022/10/4,3.389
2022/10/5,3.384
2022/10/6,3.379
2022/10/7,3.372
2022/10/10,3.372
2022/10/11,3.439
2022/10/12,3.627
2022/10/13,3.714
2022/10/14,3.729
2022/10/17,3.78
2022/10/18,3.932
2022/10/19,3.994
2022/10/20,4.003
2022/10/21,3.997
2022/10/24,4.017
2022/10/25,4.076
